{"cameraMode":{"drawMode":0,"name":"Shaded","section":"Shading Mode"},"sceneLighting":true,"audioPlay":false,"sceneViewState":{"showFog":true,"showMaterialUpdate":false,"showSkybox":true,"showFlares":true,"showImageEffects":true,"showParticleSystems":true},"in2DMode":false,"pivot":{"x":-0.6725233793258667,"y":0.9179048538208008,"z":-0.8892354965209961},"rotation":{"x":-0.06162213534116745,"y":0.9380921721458435,"z":-0.2505854070186615,"w":-0.23106881976127625},"size":7.7840895652771,"orthographic":false}