{"cameraMode":{"drawMode":0,"name":"Shaded","section":"Shading Mode"},"sceneLighting":true,"audioPlay":false,"sceneViewState":{"showFog":true,"showMaterialUpdate":false,"showSkybox":true,"showFlares":true,"showImageEffects":true,"showParticleSystems":true},"in2DMode":false,"pivot":{"x":-0.2856631278991699,"y":0.814834475517273,"z":-0.6660938262939453},"rotation":{"x":-0.05330947786569595,"y":0.8322216868400574,"z":-0.08145421743392945,"w":-0.5458300709724426},"size":3.884087324142456,"orthographic":false}