{"cameraMode":{"drawMode":0,"name":"Shaded","section":"Shading Mode"},"sceneLighting":false,"audioPlay":false,"sceneViewState":{"showFog":true,"showMaterialUpdate":false,"showSkybox":false,"showFlares":true,"showImageEffects":true,"showParticleSystems":true},"in2DMode":false,"pivot":{"x":-0.11382579803466797,"y":1.6989792585372925,"z":0.3400818109512329},"rotation":{"x":-0.025846267119050027,"y":-0.9069772362709045,"z":0.05576163902878761,"w":-0.41667133569717409},"size":1.743146538734436,"orthographic":false}