{"cameraMode":{"drawMode":0,"name":"Shaded","section":"Shading Mode"},"sceneLighting":false,"audioPlay":false,"sceneViewState":{"showFog":true,"showMaterialUpdate":false,"showSkybox":false,"showFlares":true,"showImageEffects":true,"showParticleSystems":true},"in2DMode":false,"pivot":{"x":-5.960464477539063e-8,"y":1.4161975383758546,"z":-0.006341010332107544},"rotation":{"x":-0.030799059197306634,"y":0.9591854214668274,"z":-0.11568626761436463,"w":-0.2561865448951721},"size":3.476438522338867,"orthographic":false}